{
  "Qequ": 511301.48360400414,
  "Hyvi": 225850.66816540426,
  "Nojihyf": 207388.0,
  "Xebe": 239070.0,
  "Fahocal": 39746.74386564906,
  "Wysut": 501701.94970699056,
  "Ymuq": 295410.0,
  "Kuci": 20581.87524637068,
  "Okoti": 444091.8162880443,
  "Atir": 373721.0,
  "Pidi": 523332.9198675045,
  "Aqopa": 174730.0,
  "Odopi": 264845.0,
  "Ubuvew": 227427.0,
  "Xekag": 307322.0,
  "Ozysos": 130974.0,
  "Ixiv": 89621.0,
  "Bocyse": 355666.0,
  "Otozod": 853370.4852556195,
  "Dosyko": 5281.691549246469,
  "Qamop": 51583.072291382974,
  "Eloqy": 3347.609366649215,
  "Facy": 147303.0,
  "Mabego": 37637.575632540604,
  "Dahi": 281657.0,
  "Pizy": 514662.0,
  "Jimosu": 813544.0,
  "Xynib": 67517.56805838182,
  "Ynobyp": 147442.0,
  "Abis": 662659.0,
  "Pedozis": 78376.0,
  "Tazy": 78142.0,
  "Zugo": 196324.0,
  "Xaqefox": 32595.721469929176,
  "Azijomu": 67618.0,
  "Erovato": 337699.0,
  "Obyx": 74518.0,
  "Symate": 128146.0,
  "Fujiri": 75847.49834799198,
  "Efymaf": 19814.0,
  "Lyza": 125310.773709337,
  "Ajaxeke": 158610.7958200475,
  "Itewuba": 329291.9494366314,
  "Sevo": 4799.0,
  "Lusymom": 37540.42689297478,
  "Ecyjoge": 437299.0,
  "Atalo": 101962.68377597131,
  "Niqurin": 231916.0,
  "Givyvif": 104387.0,
  "Qutipe": 146563.0,
  "Bilo": 111996.34417531453,
  "Oxatilo": 6749.0,
  "Qopif": 15154.0,
  "Ikor": 687423.5888059466,
  "Binonez": 200158.0,
  "Ubapa": 159223.15303072025,
  "Vukeka": 174213.0,
  "Acijala": 277964.2079423573,
  "Ozoh": 701951.0,
  "Rajo": 342073.0,
  "Ocyho": 216218.0,
  "Azeliz": 330731.0,
  "Noryq": 143434.0,
  "Juxo": 41450.189936235394,
  "Vafyli": 56126.24788781796,
  "Utari": 227977.0,
  "Udyjyfo": 35756.0,
  "Ywoko": 53651.0,
  "Ypaxa": 295100.0,
  "Wodud": 68292.0,
  "Doji": 293738.52691998304,
  "Olecy": 147390.57683482117,
  "Olyr": 693742.2755295706,
  "Mojyryd": 371604.0,
  "Tyko": 329449.0,
  "Xutux": 95044.18933671986,
  "Jivogo": 588614.0,
  "Jeho": 28768.0,
  "Walaziv": 118806.1327184748,
  "Egadola": 73101.06913989571,
  "Sive": 19427.0,
  "Ykaz": 233500.8055872544,
  "Yqez": 290078.0,
  "Milokyg": 85898.0,
  "Unuxex": 280400.0,
  "Saty": 377929.4023482302,
  "Rimomu": 134128.68683735977,
  "Xyfe": 250008.0,
  "Ywipu": 145672.0,
  "Ynaryv": 13434.0,
  "Gaja": 314779.96086705447,
  "Adyhoq": 128957.0,
  "Foli": 329867.0,
  "Loral": 466991.24563577736,
  "Biza": 188581.03923936497,
  "Cafax": 258638.0,
  "Ucafin": 270907.87185476074,
  "Ipigy": 191753.70799805244,
  "Tevixo": 117980.0,
  "Ecupy": 738912.0,
  "Ycegy": 79546.35860991123,
  "Atur": 275746.5045462303,
  "Tuxok": 31126.0,
  "Epyn": 22612.0,
  "Itageto": 761365.0052058861,
  "Ycohe": 550247.0,
  "Bohyhes": 74800.0,
  "Nemod": 513641.0,
  "Ajefuni": 607044.78862664,
  "Epyqa": 689236.1811629578,
  "Ytes": 1574.5323825740893,
  "Nepu": 145919.3668913916,
  "Uvyqy": 4314.614555150282,
  "Julu": 177225.0,
  "Avanefi": 451878.440982969,
  "Oguge": 25555.0,
  "Ejureb": 348257.33046688914,
  "Qamaceg": 355372.83537838917,
  "Ogateco": 17474.0,
  "Celaby": 611564.0819037976
}